B_min,B_max,sigma_set,sigma_X1,sigma_X2,sigma_X3,sigma_X4,loss,case,mean_MSE,std_MSE,mean_RMSE,std_RMSE,mean_MAE,std_MAE,mean_alpha_correlation,mean_lag_accuracy,mean_sign_accuracy,false_positives,missed_true_links,logistic_accuracy,tree_accuracy
50,150,low_snr,0.05,0.1,0.15,0.2,mse,source_change,0.01995719542078795,0.0001215918686093541,0.14126935122500878,0.0004292438481592739,0.10395161926224175,0.00041144175516743685,0.943757909287387,1.0,1.0,8,0,0.8199329983249581,0.8249581239530989
50,150,low_snr,0.05,0.1,0.15,0.2,mse,lag_change,0.01888677568796169,1.0676537582125041e-05,0.13742916113553172,3.883792169688982e-05,0.10077939699920306,4.098132658512266e-05,0.8842071530770563,0.875,1.0,8,0,0.5896147403685092,0.45896147403685095
50,150,low_snr,0.05,0.1,0.15,0.2,mse,sign_change,0.019789899005432227,7.233577613317987e-06,0.1406765737802378,2.5709607779718725e-05,0.10314510604019307,2.1447670118941026e-05,0.8350567051817868,0.75,0.875,4,2,0.5896147403685092,0.583752093802345
