B_min,B_max,sigma_set,sigma_X1,sigma_X2,sigma_X3,sigma_X4,loss,case,mean_MSE,std_MSE,mean_RMSE,std_RMSE,mean_MAE,std_MAE,mean_alpha_correlation,mean_lag_accuracy,mean_sign_accuracy,false_positives,missed_true_links,logistic_accuracy,tree_accuracy
50,150,high_snr,1.0,0.05,0.05,1.0,mse,source_change,0.5156563380065937,0.0004324021061492958,0.718092094667971,0.0003010757737016997,0.43422055399238835,0.0008216361412000622,0.9747043434892293,1.0,1.0,10,0,0.9882747068676717,0.9849246231155779
50,150,high_snr,1.0,0.05,0.05,1.0,mse,lag_change,0.5159152508602572,0.0019687517535020866,0.7182712338033854,0.0013685153430149561,0.43433008535335,0.004344557008811815,0.9878233294512052,1.0,1.0,1,0,0.9765494137353434,0.9731993299832495
50,150,high_snr,1.0,0.05,0.05,1.0,mse,sign_change,0.5200460399838354,0.0026531246895415066,0.7211400627029623,0.0018408779919163658,0.45037899526845526,0.00372990475533829,0.6973221835491437,0.875,1.0,2,2,0.7621440536013401,0.8517587939698492
